task_id,agent_answer
1712,fake_3878d9e7
1810,fake_6120e99f
1741,fake_912791f2
1480,fake_73a79151
1234,fake_9c735666
2761,fake_b1de156c
2644,fake_d37c9a46
1738,fake_61c019a2
2564,fake_2395d632
2536,fake_de0dfbff
1696,
2691,
30,
2550,
2769,
1274,
1763,
973,
1748,
1507,
1427,
2746,
64,
1861,
1511,
2529,
2520,
1502,
6,
2566,
1829,
2524,
24,
2530,
2480,
42,
2397,
2729,
1716,
1348,
1450,
1700,
2565,
2485,
1460,
2562,
2484,
1749,
23,
2575,
1287,
1455,
1789,
2767,
2554,
617,
2674,
1470,
1729,
2712,
178,
2509,
1722,
2528,
38,
2496,
2558,
59,
1452,
1570,
1753,
25,
1497,
1435,
2555,
1305,
1732,
1509,
2573,
2552,
1,
1853,
1520,
2583,
2571,
1674,
10,
1846,
50,
1745,
70,
1486,
1281,
2539,
2419,
19,
1705,
1366,
44,
1694,
1771,
1636,
2494,
2758,
402,
1457,
1444,
1441,
1734,
2766,
2628,
1462,
27,
36,
1756,
13,
1709,
382,
1461,
2553,
1744,
2547,
2728,
1467,
2412,
2581,
2768,
1698,
623,
2771,
5,
2522,
60,
1508,
1295,
2623,
1217,
67,
2264,
1704,
2463,
1730,
1301,
1711,
2366,
1750,
22,
1817,
2770,
20,
29,
69,
1728,
883,
1731,
45,
1453,
1477,
47,
471,
1715,
1808,
1446,
1688,
28,
2521,
1299,
1676,
1420,
1447,
1365,
32,
1434,
2526,
2719,
2229,
2407,
1459,
40,
1505,
2132,
2751,
1297,
46,
1686,
3,
1385,
2740,
8,
1465,
2489,
1646,
1277,
1685,
1445,
1818,
2523,
26,
1473,
17,
1475,
1347,
1442,
2316,
1740,
1474,
1837,
341,
2762,
1683,
916,
1857,
43,
2481,
1775,
2568,
72,
1341,
2574,
1518,
2741,
1012,
1724,
1799,
2385,
1742,
2439,
68,
2708,
1513,
1746,
54,
1439,
1641,
1458,
1840,
61,
37,
2543,
2477,
1723,
2493,
1437,
2559,
1784,
793,
2619,
1689,
57,
1681,
2759,
2641,
2535,
34,
55,
31,
1417,
2478,
2760,
2527,
1801,
1312,
1684,
1577,
63,
56,
62,
1504,
1279,
11,
1292,
2556,
1752,
842,
1294,
58,
1826,
1484,
682,
1519,
1538,
1862,
1765,
2441,
2563,
2652,
1966,
2569,
1531,
52,
12,
1574,
1593,
1451,
2544,
2491,
2678,
1289,
2713,
1720,
1449,
1584,
1514,
16,
2589,
2727,
1875,
2731,
1448,
1769,
1868,
625,
2587,
14,
1819,
7,
1835,
1931,
1290,
2538,
1489,
2507,
1739,
15,
18,
1438,
2699,
2121,
1300,
1822,
2634,
1454,
1456,
1358,
2,
2537,
1331,
1516,
1701,
347,
9,
1841,
1717,
41,
2703,
1431,
51,
1834,
1308,
2765,
71,
1760,
2506,
1275,
2551,
2606,
1892,
2546,
1433,
35,
1604,
2764,
1440,
4,
2561,
1443,
1823,
1791,
2057,
2584,
1517,
1757,
2725,
2549,
2710,
1706,
2763,
2748,
1463,
1805,
1500,
2675,
1302,
1280,
2490,
1343,
1615,
65,
1721,
2757,
2533,
1702,
1286,
1687,
48,
2545,
1472,
1780,
1436,
2578,
1631,
2518,
66,
889,
2576,
2404,
53,
1679,
1643,
1344,
21,
2534,
1336,
375,
2525,
1485,
1394,
1510,
1401,
1512,
2499,
2511,
1866,
39,
2482,
1773,
2711,
2532,
1645,
2664,
1594,
1278,
1743,
1506,
1682,
2715,
1515,
1713,
1851,
1699,
1747,
2755,
49,
2608,
1494,
33,
1675,
2557,
1493,
1296,
